{
  "hash": "b89b9163",
  "configHash": "56ad9e61",
  "lockfileHash": "e86e5ee2",
  "browserHash": "4ab7a60b",
  "optimized": {
    "@angular/common": {
      "src": "../../../../../node_modules/@angular/common/fesm2022/common.mjs",
      "file": "@angular_common.js",
      "fileHash": "252d8818",
      "needsInterop": false
    },
    "@angular/common/http": {
      "src": "../../../../../node_modules/@angular/common/fesm2022/http.mjs",
      "file": "@angular_common_http.js",
      "fileHash": "3f0e4bb7",
      "needsInterop": false
    },
    "@angular/core": {
      "src": "../../../../../node_modules/@angular/core/fesm2022/core.mjs",
      "file": "@angular_core.js",
      "fileHash": "25d10dd0",
      "needsInterop": false
    },
    "@angular/flex-layout": {
      "src": "../../../../../node_modules/@angular/flex-layout/fesm2020/angular-flex-layout.mjs",
      "file": "@angular_flex-layout.js",
      "fileHash": "50317c06",
      "needsInterop": false
    },
    "@angular/flex-layout/extended": {
      "src": "../../../../../node_modules/@angular/flex-layout/fesm2020/angular-flex-layout-extended.mjs",
      "file": "@angular_flex-layout_extended.js",
      "fileHash": "50b450fb",
      "needsInterop": false
    },
    "@angular/flex-layout/flex": {
      "src": "../../../../../node_modules/@angular/flex-layout/fesm2020/angular-flex-layout-flex.mjs",
      "file": "@angular_flex-layout_flex.js",
      "fileHash": "7085b9e9",
      "needsInterop": false
    },
    "@angular/forms": {
      "src": "../../../../../node_modules/@angular/forms/fesm2022/forms.mjs",
      "file": "@angular_forms.js",
      "fileHash": "f5e62e8e",
      "needsInterop": false
    },
    "@angular/material/button": {
      "src": "../../../../../node_modules/@angular/material/fesm2022/button.mjs",
      "file": "@angular_material_button.js",
      "fileHash": "b33a6ebf",
      "needsInterop": false
    },
    "@angular/material/divider": {
      "src": "../../../../../node_modules/@angular/material/fesm2022/divider.mjs",
      "file": "@angular_material_divider.js",
      "fileHash": "90fb3b2f",
      "needsInterop": false
    },
    "@angular/material/icon": {
      "src": "../../../../../node_modules/@angular/material/fesm2022/icon.mjs",
      "file": "@angular_material_icon.js",
      "fileHash": "c5e488f6",
      "needsInterop": false
    },
    "@angular/material/list": {
      "src": "../../../../../node_modules/@angular/material/fesm2022/list.mjs",
      "file": "@angular_material_list.js",
      "fileHash": "1a0701c8",
      "needsInterop": false
    },
    "@angular/material/menu": {
      "src": "../../../../../node_modules/@angular/material/fesm2022/menu.mjs",
      "file": "@angular_material_menu.js",
      "fileHash": "c1e7cc95",
      "needsInterop": false
    },
    "@angular/material/sidenav": {
      "src": "../../../../../node_modules/@angular/material/fesm2022/sidenav.mjs",
      "file": "@angular_material_sidenav.js",
      "fileHash": "383e68c5",
      "needsInterop": false
    },
    "@angular/material/table": {
      "src": "../../../../../node_modules/@angular/material/fesm2022/table.mjs",
      "file": "@angular_material_table.js",
      "fileHash": "07b787ef",
      "needsInterop": false
    },
    "@angular/material/toolbar": {
      "src": "../../../../../node_modules/@angular/material/fesm2022/toolbar.mjs",
      "file": "@angular_material_toolbar.js",
      "fileHash": "d60dc7a7",
      "needsInterop": false
    },
    "@angular/platform-browser": {
      "src": "../../../../../node_modules/@angular/platform-browser/fesm2022/platform-browser.mjs",
      "file": "@angular_platform-browser.js",
      "fileHash": "08f50a81",
      "needsInterop": false
    },
    "@angular/platform-browser/animations": {
      "src": "../../../../../node_modules/@angular/platform-browser/fesm2022/animations.mjs",
      "file": "@angular_platform-browser_animations.js",
      "fileHash": "1b12ec2a",
      "needsInterop": false
    },
    "@angular/platform-browser/animations/async": {
      "src": "../../../../../node_modules/@angular/platform-browser/fesm2022/animations/async.mjs",
      "file": "@angular_platform-browser_animations_async.js",
      "fileHash": "c280f59f",
      "needsInterop": false
    },
    "@angular/router": {
      "src": "../../../../../node_modules/@angular/router/fesm2022/router.mjs",
      "file": "@angular_router.js",
      "fileHash": "27e06a1a",
      "needsInterop": false
    },
    "rxjs": {
      "src": "../../../../../node_modules/rxjs/dist/esm5/index.js",
      "file": "rxjs.js",
      "fileHash": "1d0b9f61",
      "needsInterop": false
    }
  },
  "chunks": {
    "browser-73MLQOZX": {
      "file": "browser-73MLQOZX.js"
    },
    "chunk-7NIZ4VXQ": {
      "file": "chunk-7NIZ4VXQ.js"
    },
    "chunk-AS43RA3Q": {
      "file": "chunk-AS43RA3Q.js"
    },
    "chunk-TRD2G7FC": {
      "file": "chunk-TRD2G7FC.js"
    },
    "chunk-R2CUZWPI": {
      "file": "chunk-R2CUZWPI.js"
    },
    "chunk-COWZP2RX": {
      "file": "chunk-COWZP2RX.js"
    },
    "chunk-RSOSHBAP": {
      "file": "chunk-RSOSHBAP.js"
    },
    "chunk-SV36TQ4W": {
      "file": "chunk-SV36TQ4W.js"
    },
    "chunk-LSY3H5U7": {
      "file": "chunk-LSY3H5U7.js"
    },
    "chunk-HV46GLN6": {
      "file": "chunk-HV46GLN6.js"
    },
    "chunk-5RR4LY36": {
      "file": "chunk-5RR4LY36.js"
    },
    "chunk-ZR7DYSWC": {
      "file": "chunk-ZR7DYSWC.js"
    },
    "chunk-HJ662KFH": {
      "file": "chunk-HJ662KFH.js"
    },
    "chunk-VWBEYTUU": {
      "file": "chunk-VWBEYTUU.js"
    },
    "chunk-OO2XAECT": {
      "file": "chunk-OO2XAECT.js"
    },
    "chunk-RURLEJOV": {
      "file": "chunk-RURLEJOV.js"
    },
    "chunk-QEYWROO2": {
      "file": "chunk-QEYWROO2.js"
    },
    "chunk-YTR4LZ5T": {
      "file": "chunk-YTR4LZ5T.js"
    }
  }
}