{
  "hash": "b89b9163",
  "configHash": "56ad9e61",
  "lockfileHash": "e86e5ee2",
  "browserHash": "4ab7a60b",
  "optimized": {
    "@angular/common": {
      "src": "../../../../../node_modules/@angular/common/fesm2022/common.mjs",
      "file": "@angular_common.js",
      "fileHash": "d98bf991",
      "needsInterop": false
    },
    "@angular/common/http": {
      "src": "../../../../../node_modules/@angular/common/fesm2022/http.mjs",
      "file": "@angular_common_http.js",
      "fileHash": "47cab787",
      "needsInterop": false
    },
    "@angular/core": {
      "src": "../../../../../node_modules/@angular/core/fesm2022/core.mjs",
      "file": "@angular_core.js",
      "fileHash": "c0d645e6",
      "needsInterop": false
    },
    "@angular/flex-layout": {
      "src": "../../../../../node_modules/@angular/flex-layout/fesm2020/angular-flex-layout.mjs",
      "file": "@angular_flex-layout.js",
      "fileHash": "9afc0eb6",
      "needsInterop": false
    },
    "@angular/flex-layout/extended": {
      "src": "../../../../../node_modules/@angular/flex-layout/fesm2020/angular-flex-layout-extended.mjs",
      "file": "@angular_flex-layout_extended.js",
      "fileHash": "6febd2e2",
      "needsInterop": false
    },
    "@angular/flex-layout/flex": {
      "src": "../../../../../node_modules/@angular/flex-layout/fesm2020/angular-flex-layout-flex.mjs",
      "file": "@angular_flex-layout_flex.js",
      "fileHash": "67a18d2e",
      "needsInterop": false
    },
    "@angular/forms": {
      "src": "../../../../../node_modules/@angular/forms/fesm2022/forms.mjs",
      "file": "@angular_forms.js",
      "fileHash": "59dcf919",
      "needsInterop": false
    },
    "@angular/material/button": {
      "src": "../../../../../node_modules/@angular/material/fesm2022/button.mjs",
      "file": "@angular_material_button.js",
      "fileHash": "b5518dd3",
      "needsInterop": false
    },
    "@angular/material/divider": {
      "src": "../../../../../node_modules/@angular/material/fesm2022/divider.mjs",
      "file": "@angular_material_divider.js",
      "fileHash": "ad0fcd23",
      "needsInterop": false
    },
    "@angular/material/icon": {
      "src": "../../../../../node_modules/@angular/material/fesm2022/icon.mjs",
      "file": "@angular_material_icon.js",
      "fileHash": "6e1772c2",
      "needsInterop": false
    },
    "@angular/material/list": {
      "src": "../../../../../node_modules/@angular/material/fesm2022/list.mjs",
      "file": "@angular_material_list.js",
      "fileHash": "ca1d51b2",
      "needsInterop": false
    },
    "@angular/material/menu": {
      "src": "../../../../../node_modules/@angular/material/fesm2022/menu.mjs",
      "file": "@angular_material_menu.js",
      "fileHash": "bd9e6d98",
      "needsInterop": false
    },
    "@angular/material/sidenav": {
      "src": "../../../../../node_modules/@angular/material/fesm2022/sidenav.mjs",
      "file": "@angular_material_sidenav.js",
      "fileHash": "12b4db77",
      "needsInterop": false
    },
    "@angular/material/table": {
      "src": "../../../../../node_modules/@angular/material/fesm2022/table.mjs",
      "file": "@angular_material_table.js",
      "fileHash": "458d66b1",
      "needsInterop": false
    },
    "@angular/material/toolbar": {
      "src": "../../../../../node_modules/@angular/material/fesm2022/toolbar.mjs",
      "file": "@angular_material_toolbar.js",
      "fileHash": "5d1f4deb",
      "needsInterop": false
    },
    "@angular/platform-browser": {
      "src": "../../../../../node_modules/@angular/platform-browser/fesm2022/platform-browser.mjs",
      "file": "@angular_platform-browser.js",
      "fileHash": "150dfdb8",
      "needsInterop": false
    },
    "@angular/platform-browser/animations": {
      "src": "../../../../../node_modules/@angular/platform-browser/fesm2022/animations.mjs",
      "file": "@angular_platform-browser_animations.js",
      "fileHash": "71c4add5",
      "needsInterop": false
    },
    "@angular/platform-browser/animations/async": {
      "src": "../../../../../node_modules/@angular/platform-browser/fesm2022/animations/async.mjs",
      "file": "@angular_platform-browser_animations_async.js",
      "fileHash": "a36a6508",
      "needsInterop": false
    },
    "@angular/router": {
      "src": "../../../../../node_modules/@angular/router/fesm2022/router.mjs",
      "file": "@angular_router.js",
      "fileHash": "5c06d093",
      "needsInterop": false
    },
    "rxjs": {
      "src": "../../../../../node_modules/rxjs/dist/esm5/index.js",
      "file": "rxjs.js",
      "fileHash": "6a2020f2",
      "needsInterop": false
    }
  },
  "chunks": {
    "browser-73MLQOZX": {
      "file": "browser-73MLQOZX.js"
    },
    "chunk-NYMJLZKS": {
      "file": "chunk-NYMJLZKS.js"
    },
    "chunk-TRD2G7FC": {
      "file": "chunk-TRD2G7FC.js"
    },
    "chunk-R2CUZWPI": {
      "file": "chunk-R2CUZWPI.js"
    },
    "chunk-RSOSHBAP": {
      "file": "chunk-RSOSHBAP.js"
    },
    "chunk-SV36TQ4W": {
      "file": "chunk-SV36TQ4W.js"
    },
    "chunk-LSY3H5U7": {
      "file": "chunk-LSY3H5U7.js"
    },
    "chunk-COWZP2RX": {
      "file": "chunk-COWZP2RX.js"
    },
    "chunk-HV46GLN6": {
      "file": "chunk-HV46GLN6.js"
    },
    "chunk-AS43RA3Q": {
      "file": "chunk-AS43RA3Q.js"
    },
    "chunk-5RR4LY36": {
      "file": "chunk-5RR4LY36.js"
    },
    "chunk-6O2FA6S7": {
      "file": "chunk-6O2FA6S7.js"
    },
    "chunk-WPE3EP3Q": {
      "file": "chunk-WPE3EP3Q.js"
    },
    "chunk-OO2XAECT": {
      "file": "chunk-OO2XAECT.js"
    },
    "chunk-VWBEYTUU": {
      "file": "chunk-VWBEYTUU.js"
    },
    "chunk-RURLEJOV": {
      "file": "chunk-RURLEJOV.js"
    },
    "chunk-QEYWROO2": {
      "file": "chunk-QEYWROO2.js"
    },
    "chunk-YTR4LZ5T": {
      "file": "chunk-YTR4LZ5T.js"
    }
  }
}